"ExtensionID","ExtensionName","Status","ChromeStoreURL"
"aapdalkmclfaahehnmicbglkohkldhne","Chrome Web Store","Active","https://chromewebstore.google.com/detail/aapdalkmclfaahehnmicbglkohkldhne"
"abgcmfemdmcmbkejjdfhpfojkmanppjl","Chrome Web Store","Active","https://chromewebstore.google.com/detail/abgcmfemdmcmbkejjdfhpfojkmanppjl"
"acaeafediijmccnjlokgcdiojiljfpbe","Chrome Web Store","Active","https://chromewebstore.google.com/detail/acaeafediijmccnjlokgcdiojiljfpbe"
"adbkmnjpohaofhdfjlkhhljplkloceml","Chrome Web Store","Active","https://chromewebstore.google.com/detail/adbkmnjpohaofhdfjlkhhljplkloceml"
"ahofgjkfjljcliehioeefaanagffnffa","Star Wars Cursor ★ Custom Cursor for Chrome™","Active","https://chromewebstore.google.com/detail/ahofgjkfjljcliehioeefaanagffnffa"
"ahpnnnjbnfbhoikhohglpohnoocjcoco","Chrome Web Store","Active","https://chromewebstore.google.com/detail/ahpnnnjbnfbhoikhohglpohnoocjcoco"
"aiplpkidjcpbjopeallglaenfaipioko","Chrome Web Store","Active","https://chromewebstore.google.com/detail/aiplpkidjcpbjopeallglaenfaipioko"
"ajcnllagebcaahcdfbappndlmhmpdhif","Avengers Cursor ★ Custom Cursor for Chrome™","Active","https://chromewebstore.google.com/detail/ajcnllagebcaahcdfbappndlmhmpdhif"
"almalgbpmcfpdaopimbdchdliminoign","Urban Browser Guard","Active","https://chromewebstore.google.com/detail/almalgbpmcfpdaopimbdchdliminoign"
"almdngpalkpacjoeffkhacdjjimijjnf","Chrome Web Store","Active","https://chromewebstore.google.com/detail/almdngpalkpacjoeffkhacdjjimijjnf"
"amohbpndmbcjecjnghhaeeanohiflfpj","Chrome Web Store","Active","https://chromewebstore.google.com/detail/amohbpndmbcjecjnghhaeeanohiflfpj"
"amomkbhjghmegifhopipecfioeelecal","Plants vs. Zombies Cursor ★ Custom Cursor for Chrome™","Active","https://chromewebstore.google.com/detail/amomkbhjghmegifhopipecfioeelecal"
"anjoapnmcdcndaagonoiindlklkpmnmh","Brawl Stars Cursor - Custom Game Cursor for Chrome","Active","https://chromewebstore.google.com/detail/anjoapnmcdcndaagonoiindlklkpmnmh"
"aobjbhiaoljpdpeappmepnhdhklkijjp","Cat Cursor ♥ Custom Cursor for Chrome™","Active","https://chromewebstore.google.com/detail/aobjbhiaoljpdpeappmepnhdhklkijjp"
"aodkjdeghbjiaienipfjkbpcikkacbcp","Chrome Web Store","Active","https://chromewebstore.google.com/detail/aodkjdeghbjiaienipfjkbpcikkacbcp"
"aohfjaadlbiifnnajpobdhokecjokhab","Amazon ASIN Copy","Active","https://chromewebstore.google.com/detail/aohfjaadlbiifnnajpobdhokecjokhab"
"baojmlgpmdcjjmaeljbaogakllakiigm","Chrome Web Store","Active","https://chromewebstore.google.com/detail/baojmlgpmdcjjmaeljbaogakllakiigm"
"baonbjckakcpgliaafcodddkoednpjgf","Chrome Web Store","Active","https://chromewebstore.google.com/detail/baonbjckakcpgliaafcodddkoednpjgf"
"bbljaeojdeehoihejgmdjgjmnnolgdbm","Robinhood - Extension For Chrome","Active","https://chromewebstore.google.com/detail/bbljaeojdeehoihejgmdjgjmnnolgdbm"
"bgeoifdgcnafonfffcmlcjbeldhocnpd","Hide YouTube Comments","Active","https://chromewebstore.google.com/detail/bgeoifdgcnafonfffcmlcjbeldhocnpd"
"bhcjjbencodlgfoneipfnnpclempbdka","One Piece Cursor - Custom Anime Cursor for Chrome","Active","https://chromewebstore.google.com/detail/bhcjjbencodlgfoneipfnnpclempbdka"
"bilfflcophfehljhpnklmcelkoiffapb","Chrome Web Store","Active","https://chromewebstore.google.com/detail/bilfflcophfehljhpnklmcelkoiffapb"
"bjacehmkdjdpknkoomphgfheehjfiocg","Black Clover Cursor - Custom Anime Cursor for Chrome","Active","https://chromewebstore.google.com/detail/bjacehmkdjdpknkoomphgfheehjfiocg"
"blibecomdmpcndbgkinclhaokmaheild","KPop Demon Hunters Cursor ★ Custom Cursor for Chrome™","Active","https://chromewebstore.google.com/detail/blibecomdmpcndbgkinclhaokmaheild"
"bndkfmmbidllaiccmpnbdonijmicaafn","Chrome Web Store","Active","https://chromewebstore.google.com/detail/bndkfmmbidllaiccmpnbdonijmicaafn"
"bonhfflnjgdbnhcpjemkknlhimceckgb","Chrome Web Store","Active","https://chromewebstore.google.com/detail/bonhfflnjgdbnhcpjemkknlhimceckgb"
"boolceociingmfoakiaiikpcnbcbajfm","Blackpink Cursor ★ Custom Cursor for Chrome™","Active","https://chromewebstore.google.com/detail/boolceociingmfoakiaiikpcnbcbajfm"
"cabdahinacflcaaagobghohleefogogk","Chrome Web Store","Active","https://chromewebstore.google.com/detail/cabdahinacflcaaagobghohleefogogk"
"caeneogdipddninidgnoamjaglmmlmoo","Dandadan Cursor ★ Custom Cursor for Chrome™","Active","https://chromewebstore.google.com/detail/caeneogdipddninidgnoamjaglmmlmoo"
"cahiacbilnjhofnmcoboghfaphoogkdn","FaceTime Pro - Enhanced Video Calling","Active","https://chromewebstore.google.com/detail/cahiacbilnjhofnmcoboghfaphoogkdn"
"cbgmidgpbbholpniehflilcaacpfipob","Musicians and Singers Cursor ★ Custom Cursor for Chrome™","Active","https://chromewebstore.google.com/detail/cbgmidgpbbholpniehflilcaacpfipob"
"cckgnbinkelflpimkpadlfmlpbbagmka","Bleach Cursor - Custom Anime Cursor for Chrome","Active","https://chromewebstore.google.com/detail/cckgnbinkelflpimkpadlfmlpbbagmka"
"cdfajacnjbaigbjnpdjeeapephdnoeng","Chrome Web Store","Active","https://chromewebstore.google.com/detail/cdfajacnjbaigbjnpdjeeapephdnoeng"
"ceibjdigmfbbgcpkkdpmjokkokklodmc","Chrome Web Store","Active","https://chromewebstore.google.com/detail/ceibjdigmfbbgcpkkdpmjokkokklodmc"
"celjebeafmieepphodddabmegonmanoo","Chrome Web Store","Active","https://chromewebstore.google.com/detail/celjebeafmieepphodddabmegonmanoo"
"cembgjjgklolpjnbjmemmfmlkfmklood","Lilo & Stitch Cursor ★ Custom Cursor for Chrome™","Active","https://chromewebstore.google.com/detail/cembgjjgklolpjnbjmemmfmlkfmklood"
"cfolcjmcamelkgoopjddgbnaobjihmcn","Kirby Cursor ★ Custom Cursor for Chrome™","Active","https://chromewebstore.google.com/detail/cfolcjmcamelkgoopjddgbnaobjihmcn"
"cfpnjdbpojpcongfaefcamjbaolpelcd","Chrome Web Store","Active","https://chromewebstore.google.com/detail/cfpnjdbpojpcongfaefcamjbaolpelcd"
"cgmmcoandmabammnhfnjcakdeejbfimn","Chrome Web Store","Active","https://chromewebstore.google.com/detail/cgmmcoandmabammnhfnjcakdeejbfimn"
"chccnlplhpjmlgfneleoilcchcaijbae","Chrome Web Store","Active","https://chromewebstore.google.com/detail/chccnlplhpjmlgfneleoilcchcaijbae"
"cicjlpmjmimeoempffghfglndokjihhn","Chrome Web Store","Active","https://chromewebstore.google.com/detail/cicjlpmjmimeoempffghfglndokjihhn"
"ckenjgcaloekhajcdjnldlpocmieiofi","Clock Seed","Active","https://chromewebstore.google.com/detail/ckenjgcaloekhajcdjnldlpocmieiofi"
"ckicoadchmmndbakbokhapncehanaeni","Chrome Web Store","Active","https://chromewebstore.google.com/detail/ckicoadchmmndbakbokhapncehanaeni"
"ckneindgfbjnbbiggcmnjeofelhflhaj","Chrome Web Store","Active","https://chromewebstore.google.com/detail/ckneindgfbjnbbiggcmnjeofelhflhaj"
"ckofgokcbincglcbpojbkimgnpflbhia","Chrome Web Store","Active","https://chromewebstore.google.com/detail/ckofgokcbincglcbpojbkimgnpflbhia"
"cmkoiggpbaihjjoepeeemnadgfljhgce","Chrome Web Store","Active","https://chromewebstore.google.com/detail/cmkoiggpbaihjjoepeeemnadgfljhgce"
"cmpmhhjahlioglkleiofbjodhhiejhei","Chrome Web Store","Active","https://chromewebstore.google.com/detail/cmpmhhjahlioglkleiofbjodhhiejhei"
"dbclhjpifdfkofnmjfpheiondafpkoed","Chrome Web Store","Active","https://chromewebstore.google.com/detail/dbclhjpifdfkofnmjfpheiondafpkoed"
"dbjpighofpljmoogjcbhghlnlnepmmie","Back to School Cursor ★ Custom Cursor for Chrome™","Active","https://chromewebstore.google.com/detail/dbjpighofpljmoogjcbhghlnlnepmmie"
"dcjfbgppfdokmjgajnnkgdmkdeiloigh","Chrome Web Store","Active","https://chromewebstore.google.com/detail/dcjfbgppfdokmjgajnnkgdmkdeiloigh"
"dgfaekieonkobpaklglncjmjibbbpnod","Anime Cursor ★ Custom Cursor for Chrome™","Active","https://chromewebstore.google.com/detail/dgfaekieonkobpaklglncjmjibbbpnod"
"dikdlhdpaagnffakomnelokacaekebio","Chrome Web Store","Active","https://chromewebstore.google.com/detail/dikdlhdpaagnffakomnelokacaekebio"
"djhjckkfgancelbmgcamjimgphaphjdl","Chrome Web Store","Active","https://chromewebstore.google.com/detail/djhjckkfgancelbmgcamjimgphaphjdl"
"dkdadldmiefjldmegbjbnhhfddnkhlhm","Chrome Web Store","Active","https://chromewebstore.google.com/detail/dkdadldmiefjldmegbjbnhhfddnkhlhm"
"dkhpgbbhlnmjbkihoeniojpkggkabbbl","AI Compare — multi-AI compare for QA & GEO","Active","https://chromewebstore.google.com/detail/dkhpgbbhlnmjbkihoeniojpkggkabbbl"
"dlbaieojjjcjmmeohkcaadjpgeelogeb","Chrome Web Store","Active","https://chromewebstore.google.com/detail/dlbaieojjjcjmmeohkcaadjpgeelogeb"
"dnbfneandcjphnkgcjkdkphmaoajiojh","Chrome Web Store","Active","https://chromewebstore.google.com/detail/dnbfneandcjphnkgcjkdkphmaoajiojh"
"dnfjhcohapaoibiekobphekeohdamjbi","Futurama Cursor - Custom Cartoon Cursor for Chrome","Active","https://chromewebstore.google.com/detail/dnfjhcohapaoibiekobphekeohdamjbi"
"dnhfbehomlbkmimmmoejcmcondhmebia","Kirby Cursor Cursor for Chrome","Active","https://chromewebstore.google.com/detail/dnhfbehomlbkmimmmoejcmcondhmebia"
"dobjkkoopofegeinkiepblgidnigchoo","Preppy Cursor ★ Custom Cursor for Chrome™","Active","https://chromewebstore.google.com/detail/dobjkkoopofegeinkiepblgidnigchoo"
"domdcfhmjfdchcegjmnjbioejdphmnio","Cinnamoroll Cursor ★ Custom Cursor for Chrome™","Active","https://chromewebstore.google.com/detail/domdcfhmjfdchcegjmnjbioejdphmnio"
"ebmmjmakencgmgoijdfnbailknaaiffh","Chrome Web Store","Active","https://chromewebstore.google.com/detail/ebmmjmakencgmgoijdfnbailknaaiffh"
"ebofegihefblgildgndojdabepjmkdbf","Chrome Web Store","Active","https://chromewebstore.google.com/detail/ebofegihefblgildgndojdabepjmkdbf"
"ecikmpoikkcelnakpgaeplcjoickgacj","Chrome Web Store","Active","https://chromewebstore.google.com/detail/ecikmpoikkcelnakpgaeplcjoickgacj"
"edakhofdfkcdhnmcjaacekhfgochaceo","Chrome Web Store","Active","https://chromewebstore.google.com/detail/edakhofdfkcdhnmcjaacekhfgochaceo"
"edindlabbmapcfpihjcfnkkeanlcbdhk","Chrome Web Store","Active","https://chromewebstore.google.com/detail/edindlabbmapcfpihjcfnkkeanlcbdhk"
"eebagoopeibddoicipkajpdpogoffoon","Chrome Web Store","Active","https://chromewebstore.google.com/detail/eebagoopeibddoicipkajpdpogoffoon"
"eebihieclccoidddmjcencomodomdoei","Chrome Web Store","Active","https://chromewebstore.google.com/detail/eebihieclccoidddmjcencomodomdoei"
"eefampjmgmpmglccekaanhopjfhmafld","Chrome Web Store","Active","https://chromewebstore.google.com/detail/eefampjmgmpmglccekaanhopjfhmafld"
"eenfkghojihnhnninifhndjilpibchki","Peanuts Cursor ★ Custom Cursor for Chrome™","Active","https://chromewebstore.google.com/detail/eenfkghojihnhnninifhndjilpibchki"
"efjjkanncldkghieipncnailhjfijbga","Quiet Courier","Active","https://chromewebstore.google.com/detail/efjjkanncldkghieipncnailhjfijbga"
"efpkbbhmfgmcaimcehbojooppjkogjpk","Event Tracking Tracker","Active","https://chromewebstore.google.com/detail/efpkbbhmfgmcaimcehbojooppjkogjpk"
"ehkijipaaenenlhkaimpceckalmlmfdi","Chrome Web Store","Active","https://chromewebstore.google.com/detail/ehkijipaaenenlhkaimpceckalmlmfdi"
"ehpejpjfeifejjhccccigpcimipmkbne","Chrome Web Store","Active","https://chromewebstore.google.com/detail/ehpejpjfeifejjhccccigpcimipmkbne"
"eioefbifkjcfpkdoghnndbceebbohkcd","Genshin Impact Cursor - Custom Cartoon Cursor for Chrome","Active","https://chromewebstore.google.com/detail/eioefbifkjcfpkdoghnndbceebbohkcd"
"elfcaiclmhkioadcpikkonlnanaakmem","Solo Leveling Cursor ★ Custom Cursor for Chrome™","Active","https://chromewebstore.google.com/detail/elfcaiclmhkioadcpikkonlnanaakmem"
"eljclcigelmfnomncdefdkbgnbbilnel","Hello Kitty Cursor ♥ Custom Cursor for Chrome™","Active","https://chromewebstore.google.com/detail/eljclcigelmfnomncdefdkbgnbbilnel"
"emekjhecncemhkpoolndbgmbgfieipdh","Pac-Man Cursor - Custom Retro Cursor for Chrome","Active","https://chromewebstore.google.com/detail/emekjhecncemhkpoolndbgmbgfieipdh"
"enemknlfbkchplbhdflblafnpfmgdpib","My Hero Academia Cursor ★ Custom Cursor for Chrome™","Active","https://chromewebstore.google.com/detail/enemknlfbkchplbhdflblafnpfmgdpib"
"eppiocemhmnlbhjplcgkofciiegomcon","Urban VPN Proxy","Active","https://chromewebstore.google.com/detail/eppiocemhmnlbhjplcgkofciiegomcon"
"fbbogpehachhpbjfladmccaejmfcjfja","Chrome Web Store","Active","https://chromewebstore.google.com/detail/fbbogpehachhpbjfladmccaejmfcjfja"
"fcgdejjichpgfaaafflplhfijcnieopb","Chrome Web Store","Active","https://chromewebstore.google.com/detail/fcgdejjichpgfaaafflplhfijcnieopb"
"fdlagfnfaheppaigholhoojabfaapnhb","AI Agent","Active","https://chromewebstore.google.com/detail/fdlagfnfaheppaigholhoojabfaapnhb"
"feflcgofneboehfdeebcfglbodaceghj","Urban AdBlocker","Active","https://chromewebstore.google.com/detail/feflcgofneboehfdeebcfglbodaceghj"
"fegckejpfnlmfgkfjpinlbgmeeijjkel","Chrome Web Store","Active","https://chromewebstore.google.com/detail/fegckejpfnlmfgkfjpinlbgmeeijjkel"
"ffehilkggmnjbmcpcbknfnkojmnmgeke","Chrome Web Store","Active","https://chromewebstore.google.com/detail/ffehilkggmnjbmcpcbknfnkojmnmgeke"
"ffkhjnlfjbgljofdaogfcjmcjokhlhkk","Chrome Web Store","Active","https://chromewebstore.google.com/detail/ffkhjnlfjbgljofdaogfcjmcjokhlhkk"
"fgdmoacjelpcghceahplbfgepnmlgnna","Chrome Web Store","Active","https://chromewebstore.google.com/detail/fgdmoacjelpcghceahplbfgepnmlgnna"
"fghhbjaoopknmbecbghnhnfapabhjhhg","Dragon Ball Cursor - Custom Anime Cursor for Chrome","Active","https://chromewebstore.google.com/detail/fghhbjaoopknmbecbghnhnfapabhjhhg"
"fhecadckkcelbodcopcpmppdedgjhnob","Chrome Web Store","Active","https://chromewebstore.google.com/detail/fhecadckkcelbodcopcpmppdedgjhnob"
"fjmlhlkccegopebcllcmafahkmeejpph","Chrome Web Store","Active","https://chromewebstore.google.com/detail/fjmlhlkccegopebcllcmafahkmeejpph"
"fkbjmjplmceabidmaloaffkmanglpfoe","Soccer Cursor ★ Custom Cursor for Chrome™","Active","https://chromewebstore.google.com/detail/fkbjmjplmceabidmaloaffkmanglpfoe"
"fkmbekmghpabdjfobhpbnmpakibmfecm","Chrome Web Store","Active","https://chromewebstore.google.com/detail/fkmbekmghpabdjfobhpbnmpakibmfecm"
"fkpdmnllplmdeopieofgfighgcchagel","Chrome Web Store","Active","https://chromewebstore.google.com/detail/fkpdmnllplmdeopieofgfighgcchagel"
"flnecpdpbhdblkpnegekobahlijbmfok","Chrome Web Store","Active","https://chromewebstore.google.com/detail/flnecpdpbhdblkpnegekobahlijbmfok"
"flpfhaclifodhjecdjjdnefcjfnflcpp","Harry Potter Cursor ★ Custom Cursor for Chrome™","Active","https://chromewebstore.google.com/detail/flpfhaclifodhjecdjjdnefcjfnflcpp"
"flpkiejgfikibbkjnikdcaonkfindfgb","Chrome Web Store","Active","https://chromewebstore.google.com/detail/flpkiejgfikibbkjnikdcaonkfindfgb"
"fnjinbdmidgjkpmlihcginjipjaoapol","Chrome Web Store","Active","https://chromewebstore.google.com/detail/fnjinbdmidgjkpmlihcginjipjaoapol"
"fpeabamapgecnidibdmjoepaiehokgda","Chrome Web Store","Active","https://chromewebstore.google.com/detail/fpeabamapgecnidibdmjoepaiehokgda"
"fphiegmeigkjnjcpmdoecllfeanfbbhd","Squid Game Cursor ★ Custom Cursor for Chrome™","Active","https://chromewebstore.google.com/detail/fphiegmeigkjnjcpmdoecllfeanfbbhd"
"fpmdblcjhncmgeimkfmfmlcmpefpchml","Chrome Web Store","Active","https://chromewebstore.google.com/detail/fpmdblcjhncmgeimkfmfmlcmpefpchml"
"fpmkabpaklbhbhegegapfkenkmpipick","Chrome Web Store","Active","https://chromewebstore.google.com/detail/fpmkabpaklbhbhegegapfkenkmpipick"
"fppbiomdkfbhgjjdmojlogeceejinadg","Chrome Web Store","Active","https://chromewebstore.google.com/detail/fppbiomdkfbhgjjdmojlogeceejinadg"
"gbafgofiefjephjoodfphmojinnfiada","Coinom - Browser Extension","Active","https://chromewebstore.google.com/detail/gbafgofiefjephjoodfphmojinnfiada"
"gcdfailafdfjbailcdcbjmeginhncjkb","Chrome Web Store","Active","https://chromewebstore.google.com/detail/gcdfailafdfjbailcdcbjmeginhncjkb"
"gcfianbpjcfkafpiadmheejkokcmdkjl","Chrome Web Store","Active","https://chromewebstore.google.com/detail/gcfianbpjcfkafpiadmheejkokcmdkjl"
"gdnhbhfhnjcfhakagfdeeblhnpjcfjnn","Winnie The Pooh Cursor ★ Custom Cursor for Chrome™","Active","https://chromewebstore.google.com/detail/gdnhbhfhnjcfhakagfdeeblhnpjcfjnn"
"gfackggoapepdmnjnkblogdcjpgcjiak","Chrome Web Store","Active","https://chromewebstore.google.com/detail/gfackggoapepdmnjnkblogdcjpgcjiak"
"gghdfkafnhfpaooiolhncejnlgglhkhe","AI Sidebar","Active","https://chromewebstore.google.com/detail/gghdfkafnhfpaooiolhncejnlgglhkhe"
"ghhhfgpngiooinjeiamkcijmpdhdgidb","Chrome Web Store","Active","https://chromewebstore.google.com/detail/ghhhfgpngiooinjeiamkcijmpdhdgidb"
"gjlbbcimkbncedhofeknicfkhgaocohl","Shopify Search By Image","Active","https://chromewebstore.google.com/detail/gjlbbcimkbncedhofeknicfkhgaocohl"
"gkbilebmkjlflcijbecemkmgkhnenakm","Brawl Stars Cursor ★ Custom Cursor for Chrome™","Active","https://chromewebstore.google.com/detail/gkbilebmkjlflcijbecemkmgkhnenakm"
"gkjbbfabeojdbiabpjapkjnhpnjcckbf","FNaF Cursor - Custom Horror Cursor for Chrome","Active","https://chromewebstore.google.com/detail/gkjbbfabeojdbiabpjapkjnhpnjcckbf"
"glpabadbnjcohophnnbhonfpbkiljiof","Chrome Web Store","Active","https://chromewebstore.google.com/detail/glpabadbnjcohophnnbhonfpbkiljiof"
"gmjibldihkpammmelmkiipjcgmhdcdmb","Dogs Cursor - Custom Dog Cursor for Chrome","Active","https://chromewebstore.google.com/detail/gmjibldihkpammmelmkiipjcgmhdcdmb"
"gnaekhndaddbimfllbgmecjijbbfpabc","Chrome Web Store","Active","https://chromewebstore.google.com/detail/gnaekhndaddbimfllbgmecjijbbfpabc"
"gniocjpkmpggmpaelmjdpekbjmchdhci","Streaming Hub - Tubi HBO Amazon Prime","Active","https://chromewebstore.google.com/detail/gniocjpkmpggmpaelmjdpekbjmchdhci"
"gohgeedemmaohocbaccllpkabadoogpl","Chrome Web Store","Active","https://chromewebstore.google.com/detail/gohgeedemmaohocbaccllpkabadoogpl"
"gpacldldkpfobgbdabaollodfoilfela","Chrome Web Store","Active","https://chromewebstore.google.com/detail/gpacldldkpfobgbdabaollodfoilfela"
"hcpncginlblddendcdnpockbjmojfpbj","Chrome Web Store","Active","https://chromewebstore.google.com/detail/hcpncginlblddendcdnpockbjmojfpbj"
"hdholjicmhinpjcbmigoffjedkiihlen","Death Note Cursor - Custom Anime Cursor for Chrome","Active","https://chromewebstore.google.com/detail/hdholjicmhinpjcbmigoffjedkiihlen"
"hfijkbdkpidafdbeebnnkhfccildbcle","Chrome Web Store","Active","https://chromewebstore.google.com/detail/hfijkbdkpidafdbeebnnkhfccildbcle"
"hglpafopgdpcgegbiccbpmimjdghagjf","Chrome Web Store","Active","https://chromewebstore.google.com/detail/hglpafopgdpcgegbiccbpmimjdghagjf"
"hgnjolbjpjmhepcbjgeeallnamkjnfgi","Chrome Web Store","Active","https://chromewebstore.google.com/detail/hgnjolbjpjmhepcbjgeeallnamkjnfgi"
"hgphdkomkmjcaonfcijgbfemjfbjagbj","Chrome Web Store","Active","https://chromewebstore.google.com/detail/hgphdkomkmjcaonfcijgbfemjfbjagbj"
"hjmjmbiaafeggmgadknfbkeehppmhejk","Eva VPN — стабильная работа","Active","https://chromewebstore.google.com/detail/hjmjmbiaafeggmgadknfbkeehppmhejk"
"hkhmodcdjhcidbcncgmnknjppphcpgmh","Amazon Sticky Notes","Active","https://chromewebstore.google.com/detail/hkhmodcdjhcidbcncgmnknjppphcpgmh"
"hkjofidiledehkcpidjbpadcccdladoh","Chrome Web Store","Active","https://chromewebstore.google.com/detail/hkjofidiledehkcpidjbpadcccdladoh"
"hoogdcdejjakfcholdbhhddoplcfoppj","Chrome Web Store","Active","https://chromewebstore.google.com/detail/hoogdcdejjakfcholdbhhddoplcfoppj"
"idhknpoceajhnjokpnbicildeoligdgh","Chrome Web Store","Active","https://chromewebstore.google.com/detail/idhknpoceajhnjokpnbicildeoligdgh"
"iefpkdilnfhogjbkhgnliaomoldgkdlj","Chrome Web Store","Active","https://chromewebstore.google.com/detail/iefpkdilnfhogjbkhgnliaomoldgkdlj"
"iekoapohahgmogbagegmcgplbkikcgke","Chrome Web Store","Active","https://chromewebstore.google.com/detail/iekoapohahgmogbagegmcgplbkikcgke"
"iglgfjffffiknjajejaleginhanmejec","Naruto Cursor ★ Custom Cursor for Chrome™","Active","https://chromewebstore.google.com/detail/iglgfjffffiknjajejaleginhanmejec"
"igmblpicjfppdloljoabpiafdlokogno","Chrome Web Store","Active","https://chromewebstore.google.com/detail/igmblpicjfppdloljoabpiafdlokogno"
"ihpdbailkcljcclemifagdnfmgpfnfbi","Fast ВПН-Скорость и Защита","Active","https://chromewebstore.google.com/detail/ihpdbailkcljcclemifagdnfmgpfnfbi"
"iiipdgihibeefajenabgmimpocgncnhd","Chrome Web Store","Active","https://chromewebstore.google.com/detail/iiipdgihibeefajenabgmimpocgncnhd"
"ijccagageaijbfaefkflkepnglppdlnn","Hunter x Hunter Cursor - Custom Anime Cursor for Chrome","Active","https://chromewebstore.google.com/detail/ijccagageaijbfaefkflkepnglppdlnn"
"ijilplnnjkjklkmhbklfnpnlnjpbfaie","Happ ВПН-Безапасное соединение","Active","https://chromewebstore.google.com/detail/ijilplnnjkjklkmhbklfnpnlnjpbfaie"
"inmkjedjdhgpknjogbjomhnbgdccckkg","Chrome Web Store","Active","https://chromewebstore.google.com/detail/inmkjedjdhgpknjogbjomhnbgdccckkg"
"iofmialeiddolmdlkbheakaefefkjokp","Palette Creator","Active","https://chromewebstore.google.com/detail/iofmialeiddolmdlkbheakaefefkjokp"
"jaallccopdnbeomcnmleelehelbicjdo","Chrome Web Store","Active","https://chromewebstore.google.com/detail/jaallccopdnbeomcnmleelehelbicjdo"
"jalaoplogcelljfhlodnagfepednmilm","Dragon Ball Cursor ★ Custom Cursor for Chrome™","Active","https://chromewebstore.google.com/detail/jalaoplogcelljfhlodnagfepednmilm"
"jamminefolhgepgihbmcjjhgldbfcikp","Chrome Web Store","Active","https://chromewebstore.google.com/detail/jamminefolhgepgihbmcjjhgldbfcikp"
"jcoalibkflfdjjaldjobodcmgjmljfdf","Chrome Web Store","Active","https://chromewebstore.google.com/detail/jcoalibkflfdjjaldjobodcmgjmljfdf"
"jdagdhhgaljeajmjdgldpbgbbiakdjdm","Chrome Web Store","Active","https://chromewebstore.google.com/detail/jdagdhhgaljeajmjdgldpbgbbiakdjdm"
"jddaakabhmcbgfnbkgcjfeigbnbcdjgn","BTS Cursor ★ Custom Cursor for Chrome™","Active","https://chromewebstore.google.com/detail/jddaakabhmcbgfnbkgcjfeigbnbcdjgn"
"jddgindpdjdojhenigliipabmmckcofh","Supercars Cursor ★ Custom Cursor for Chrome™","Active","https://chromewebstore.google.com/detail/jddgindpdjdojhenigliipabmmckcofh"
"jfegcjipmnolppcnpgpmfogkmooelibl","Robin - Chrome Extension","Active","https://chromewebstore.google.com/detail/jfegcjipmnolppcnpgpmfogkmooelibl"
"jfliobjbgdclhcjgpgimckaijlcbkmdk","Haikyuu Cursor ★ Custom Cursor for Chrome™","Active","https://chromewebstore.google.com/detail/jfliobjbgdclhcjgpgimckaijlcbkmdk"
"jgjeheokdgenniggodfoheoklihijcbm","CamScanner Extension","Active","https://chromewebstore.google.com/detail/jgjeheokdgenniggodfoheoklihijcbm"
"jjbnimknldmndoffkccbmjhfdlneiapp","Adobe Premiere Pro Extension","Active","https://chromewebstore.google.com/detail/jjbnimknldmndoffkccbmjhfdlneiapp"
"jkojgmebbdagchpibcgaglghfejkkjmo","Chrome Web Store","Active","https://chromewebstore.google.com/detail/jkojgmebbdagchpibcgaglghfejkkjmo"
"jkphinfhmfkckkcnifhjiplhfoiefffl","Chrome Web Store","Active","https://chromewebstore.google.com/detail/jkphinfhmfkckkcnifhjiplhfoiefffl"
"jlmocnadfhnldkjbejclodcfaogkchgc","Glass Orchard","Active","https://chromewebstore.google.com/detail/jlmocnadfhnldkjbejclodcfaogkchgc"
"jmlgannjlbliikgcaieomgmcnfplglea","Chrome Web Store","Active","https://chromewebstore.google.com/detail/jmlgannjlbliikgcaieomgmcnfplglea"
"kbijponpecdogfceohhnjacneggaooom","Paper Telescope","Active","https://chromewebstore.google.com/detail/kbijponpecdogfceohhnjacneggaooom"
"kblengdlefjpjkekanpoidgoghdngdgl","Chrome Web Store","Active","https://chromewebstore.google.com/detail/kblengdlefjpjkekanpoidgoghdngdgl"
"kbpjlgdakcecpkdhpfkjmicpgjdhkbpp","Zoom Web Enhancement Suite","Active","https://chromewebstore.google.com/detail/kbpjlgdakcecpkdhpfkjmicpgjdhkbpp"
"kdenlnncndfnhkognokgfpabgkgehodd","Chrome Web Store","Active","https://chromewebstore.google.com/detail/kdenlnncndfnhkognokgfpabgkgehodd"
"kdnnogfmhpppncphlnecbdhoggpmbkci","Squid Game Cursor - Custom Korean Drama Cursor for Chrome","Active","https://chromewebstore.google.com/detail/kdnnogfmhpppncphlnecbdhoggpmbkci"
"kepibgehhljlecgaeihhnmibnmikbnga","Chrome Web Store","Active","https://chromewebstore.google.com/detail/kepibgehhljlecgaeihhnmibnmikbnga"
"kfnphajojmcoapplfnocpegelkfjndom","Country Flags Cursor - Custom Flag Cursor for Chrome","Active","https://chromewebstore.google.com/detail/kfnphajojmcoapplfnocpegelkfjndom"
"kjbelgiekopnehkjmcpoiiopmfhbcokn","Chrome Web Store","Active","https://chromewebstore.google.com/detail/kjbelgiekopnehkjmcpoiiopmfhbcokn"
"kjbpjdklnajlbnmaamncenafodoikakp","Chrome Web Store","Active","https://chromewebstore.google.com/detail/kjbpjdklnajlbnmaamncenafodoikakp"
"kkchefmfekacdingcjkgiaggdafolhen","Minecraft Cursor for Chrome","Active","https://chromewebstore.google.com/detail/kkchefmfekacdingcjkgiaggdafolhen"
"knamebhlnelgjefbmjngodcgiknhmnhk","Zen - Extension for Chrome","Active","https://chromewebstore.google.com/detail/knamebhlnelgjefbmjngodcgiknhmnhk"
"knomkjoeecgejmhchcpmpbdpfdphpgpo","Poppy Playtime Cursor ★ Custom Cursor for Chrome™","Active","https://chromewebstore.google.com/detail/knomkjoeecgejmhchcpmpbdpfdphpgpo"
"kpccfpbaheeamkjkcgedklfmcgmckcik","Chrome Web Store","Active","https://chromewebstore.google.com/detail/kpccfpbaheeamkjkcgedklfmcgmckcik"
"lalcmboamkljbdlgjfockddndpfoiojc","One-Punch Man Cursor - Custom Anime Cursor for Chrome","Active","https://chromewebstore.google.com/detail/lalcmboamkljbdlgjfockddndpfoiojc"
"lcahlhmejfgofgednancmbfmflaoihld","Jujutsu Kaisen Cursor ★ Custom Cursor for Chrome™","Active","https://chromewebstore.google.com/detail/lcahlhmejfgofgednancmbfmflaoihld"
"ldonikoaoafdiccjpkpcgplphedemnma","Pochacco Cursor ★ Custom Cursor for Chrome™","Active","https://chromewebstore.google.com/detail/ldonikoaoafdiccjpkpcgplphedemnma"
"lgakkahjfibfgmacigibnhcgepajgfdb","Chrome Web Store","Active","https://chromewebstore.google.com/detail/lgakkahjfibfgmacigibnhcgepajgfdb"
"lgnnkihpnbnifngajpnlgheppighgjgl","Chrome Web Store","Active","https://chromewebstore.google.com/detail/lgnnkihpnbnifngajpnlgheppighgjgl"
"lhmcajhgadanidbopgaoobjlldegjmke","Chrome Web Store","Active","https://chromewebstore.google.com/detail/lhmcajhgadanidbopgaoobjlldegjmke"
"lifjpamfjcekmkaaagcmkhnjoifpcgga","Chrome Web Store","Active","https://chromewebstore.google.com/detail/lifjpamfjcekmkaaagcmkhnjoifpcgga"
"llojfncgbabajmdglnkbhmiebiinohek","Chrome Web Store","Active","https://chromewebstore.google.com/detail/llojfncgbabajmdglnkbhmiebiinohek"
"lmjdeimbphcbnfekpgblhlbhknpmaoij","Hello Kitty Cursor - Custom Kawaii Cursor for Chrome","Active","https://chromewebstore.google.com/detail/lmjdeimbphcbnfekpgblhlbhknpmaoij"
"lmjocpjbilfamkogfpbecdhefcjffbhb","Soccer Cursor - Custom Sports Cursor for Chrome","Active","https://chromewebstore.google.com/detail/lmjocpjbilfamkogfpbecdhefcjffbhb"
"lmnmfkhppclolpdbdabpbhladegibpgi","Demon Slayer Cursor - Custom Anime Cursor for Chrome","Active","https://chromewebstore.google.com/detail/lmnmfkhppclolpdbdabpbhladegibpgi"
"lodlcpnbppgipaimgbjgniokjcnpiiad","Chrome Web Store","Active","https://chromewebstore.google.com/detail/lodlcpnbppgipaimgbjgniokjcnpiiad"
"maookbdaoegaepgklgimmakbcfjdmbhf","Peppa Pig Cursor ★ Custom Cursor for Chrome™","Active","https://chromewebstore.google.com/detail/maookbdaoegaepgklgimmakbcfjdmbhf"
"mcaihdkeijgfhnlfcdehniplmaapadgb","Walmart Search By Image","Active","https://chromewebstore.google.com/detail/mcaihdkeijgfhnlfcdehniplmaapadgb"
"mchceimbhojpoeogdnimlbopidfdfphk","Pocket Loom","Active","https://chromewebstore.google.com/detail/mchceimbhojpoeogdnimlbopidfdfphk"
"mdbhibcfeakbnlfbmfedjppfkenpklne","Edge - Chrome Extension","Active","https://chromewebstore.google.com/detail/mdbhibcfeakbnlfbmfedjppfkenpklne"
"mflibpdjoodmoppignjhciadahapkoch","VK Music - audio saver","Active","https://chromewebstore.google.com/detail/mflibpdjoodmoppignjhciadahapkoch"
"mhlimdngcoapeiclnpipknneeahhlido","Chrome Web Store","Active","https://chromewebstore.google.com/detail/mhlimdngcoapeiclnpipknneeahhlido"
"midamgpdhbehjnjchnegghbhnpkcljmd","Chiikawa Cursor ★ Custom Cursor for Chrome™","Active","https://chromewebstore.google.com/detail/midamgpdhbehjnjchnegghbhnpkcljmd"
"mifleipondphdoaampgmkndjjkfldmdb","Super Mario Cursor ★ Custom Cursor for Chrome™","Active","https://chromewebstore.google.com/detail/mifleipondphdoaampgmkndjjkfldmdb"
"mkiebookdgphpeehoaaohajdcjohcfmb","Exodυs - Extension For Chrome","Active","https://chromewebstore.google.com/detail/mkiebookdgphpeehoaaohajdcjohcfmb"
"mlcdgeihjfnedibbbadinnjilgjnplip","Chrome Web Store","Active","https://chromewebstore.google.com/detail/mlcdgeihjfnedibbbadinnjilgjnplip"
"mljnindiomijojginkplkboekjiffmmf","Chrome Web Store","Active","https://chromewebstore.google.com/detail/mljnindiomijojginkplkboekjiffmmf"
"mndeiclfmpndlbkklepkbjihkaccfcod","The Simpsons Cursor ★ Custom Cursor for Chrome™","Active","https://chromewebstore.google.com/detail/mndeiclfmpndlbkklepkbjihkaccfcod"
"mopjnoodlnbnkocfefcgnmnlbcmgekof","Spiderman Cursor - Custom Cursor for Chrome","Active","https://chromewebstore.google.com/detail/mopjnoodlnbnkocfefcgnmnlbcmgekof"
"mpgaodghdhmeljgogbeagpbhgdbfofgb","SHEIN Search By Image","Active","https://chromewebstore.google.com/detail/mpgaodghdhmeljgogbeagpbhgdbfofgb"
"mpidnflfogjjkchbllplcpcdoifgnjjj","Spy x Family Cursor ★ Custom Cursor for Chrome™","Active","https://chromewebstore.google.com/detail/mpidnflfogjjkchbllplcpcdoifgnjjj"
"nbboeebkcbmofcppbbjbkmnbdnpkmcpl","Chrome Web Store","Active","https://chromewebstore.google.com/detail/nbboeebkcbmofcppbbjbkmnbdnpkmcpl"
"ncammloaampoflcfebafbkaafikagjpi","Chrome Web Store","Active","https://chromewebstore.google.com/detail/ncammloaampoflcfebafbkaafikagjpi"
"nfadifbdnjaeelbcjpllmlegedjlgaob","Chrome Web Store","Active","https://chromewebstore.google.com/detail/nfadifbdnjaeelbcjpllmlegedjlgaob"
"ngiaafjblpmiejfgcnfcolhdccmaafjg","Baseball Cursor - Custom Sports Cursor for Chrome","Active","https://chromewebstore.google.com/detail/ngiaafjblpmiejfgcnfcolhdccmaafjg"
"nhjjepfbhpdhehdeiolbnjembodcgaee","Token.im - Browser Extension","Active","https://chromewebstore.google.com/detail/nhjjepfbhpdhehdeiolbnjembodcgaee"
"nhlkodgllgofeknifhfbhinidlhpimcp","Chrome Web Store","Active","https://chromewebstore.google.com/detail/nhlkodgllgofeknifhfbhinidlhpimcp"
"nichemncnkkplpkgpndnnedokokhoeam","Pusheen Cursor ★ Custom Cursor for Chrome™","Active","https://chromewebstore.google.com/detail/nichemncnkkplpkgpndnnedokokhoeam"
"njajnpniamhehlljdganpikbmgdnjjjc","Pandora Web Enhancer","Active","https://chromewebstore.google.com/detail/njajnpniamhehlljdganpikbmgdnjjjc"
"nkgbfengofophpmonladgaldioelckbe","Chrome Web Store","Active","https://chromewebstore.google.com/detail/nkgbfengofophpmonladgaldioelckbe"
"nkgfolilbhafgmakkdhlgidohpjboejm","Chrome Web Store","Active","https://chromewebstore.google.com/detail/nkgfolilbhafgmakkdhlgidohpjboejm"
"nlhpidbjmmffhoogcennoiopekbiglbp","Chrome Web Store","Active","https://chromewebstore.google.com/detail/nlhpidbjmmffhoogcennoiopekbiglbp"
"nlppklcmgfgaploglaakimdlfgeinajj","Blue Lock Cursor ★ Custom Cursor for Chrome™","Active","https://chromewebstore.google.com/detail/nlppklcmgfgaploglaakimdlfgeinajj"
"nmkpckdpiikfoenhfaognmajhpgpoobg","Animal Crossing Cursor - Custom Nintendo Game Cursor for Chrome","Active","https://chromewebstore.google.com/detail/nmkpckdpiikfoenhfaognmajhpgpoobg"
"npjjbjijmdoicmkjmalabbkchhphnhkd","Chrome Web Store","Active","https://chromewebstore.google.com/detail/npjjbjijmdoicmkjmalabbkchhphnhkd"
"nppjmiadmakeigiagilkfffplihgjlec","BestBuy Search By Image","Active","https://chromewebstore.google.com/detail/nppjmiadmakeigiagilkfffplihgjlec"
"oalffknmmdipjphppkcnffnfefljelcm","My Hero Academia Cursor - Custom Anime Cursor for Chrome","Active","https://chromewebstore.google.com/detail/oalffknmmdipjphppkcnffnfefljelcm"
"ocdpjmmibmnajfkkbihijjnpcenffnao","Cap Cut Video Editor","Active","https://chromewebstore.google.com/detail/ocdpjmmibmnajfkkbihijjnpcenffnao"
"odpfjfhmkbhmodboeaogjdceledlihjp","Chrome Web Store","Active","https://chromewebstore.google.com/detail/odpfjfhmkbhmodboeaogjdceledlihjp"
"oeacadlaclegkkkdehjmiifnjhcekclj","Chrome Web Store","Active","https://chromewebstore.google.com/detail/oeacadlaclegkkkdehjmiifnjhcekclj"
"ofgiijkcgodogbeidgbkmhjpajnapfkc","Chrome Web Store","Active","https://chromewebstore.google.com/detail/ofgiijkcgodogbeidgbkmhjpajnapfkc"
"ofjldebeoclakifeeoidicojpinkllmc","Hollow Knight Cursor ★ Custom Cursor for Chrome™","Active","https://chromewebstore.google.com/detail/ofjldebeoclakifeeoidicojpinkllmc"
"oiogpbnonmepejhhmhgnmmpofkknomcf","Spy x Family Cursor - Custom Anime Cursor for Chrome","Active","https://chromewebstore.google.com/detail/oiogpbnonmepejhhmhgnmmpofkknomcf"
"ombjdobdekonhhipddhpcpdfflmdakfe","Base - Extension For Chrome","Active","https://chromewebstore.google.com/detail/ombjdobdekonhhipddhpcpdfflmdakfe"
"ommmigkmgbilkbggodbipeffbjdbcook","Hoxx VPN — скорость без лишних настроек","Active","https://chromewebstore.google.com/detail/ommmigkmgbilkbggodbipeffbjdbcook"
"ondkeebbobdggpgmdnimdcnopmckcabp","Five Nights at Freddy's Cursor ★ Custom Cursor for Chrome™","Active","https://chromewebstore.google.com/detail/ondkeebbobdggpgmdnimdcnopmckcabp"
"oodhphlpepgoccemjgpedagbpfelcpdl","Hunter x Hunter Cursor ★ Custom Cursor for Chrome™","Active","https://chromewebstore.google.com/detail/oodhphlpepgoccemjgpedagbpfelcpdl"
"pahlnbfkogncdbkaeaamcmpmhjecicmh","Capybara Cursor ★ Custom Cursor for Chrome™","Active","https://chromewebstore.google.com/detail/pahlnbfkogncdbkaeaamcmpmhjecicmh"
"pbecllekjbdgokpkfmgaggfmghfdipkn","Jump-Jump Proxy","Active","https://chromewebstore.google.com/detail/pbecllekjbdgokpkfmgaggfmghfdipkn"
"pcdgkgbadeggbnodegejccjffnoakcoh","Chrome Web Store","Active","https://chromewebstore.google.com/detail/pcdgkgbadeggbnodegejccjffnoakcoh"
"pdneeecaedebfjpkhdobgcnapfdffbbk","Chrome Web Store","Active","https://chromewebstore.google.com/detail/pdneeecaedebfjpkhdobgcnapfdffbbk"
"pgbhmanighehdihhgcfodcecphdakkgn","Naruto Cursor - Custom Anime Cursor for Chrome","Active","https://chromewebstore.google.com/detail/pgbhmanighehdihhgcfodcecphdakkgn"
"pgfibniplgcnccdnkhblpmmlfodijppg","Chrome Web Store","Active","https://chromewebstore.google.com/detail/pgfibniplgcnccdnkhblpmmlfodijppg"
"pgmiigclfodaendfgenfbmcfoefaljda","Attack on Titan Cursor - Custom Anime Cursor for Chrome","Active","https://chromewebstore.google.com/detail/pgmiigclfodaendfgenfbmcfoefaljda"
"phedebkchfhnadinmggbaofgokabocck","Chrome Web Store","Active","https://chromewebstore.google.com/detail/phedebkchfhnadinmggbaofgokabocck"
"phiphcloddhmndjbdedgfbglhpkjcffh","Chrome Web Store","Active","https://chromewebstore.google.com/detail/phiphcloddhmndjbdedgfbglhpkjcffh"
"pjfjconkopcckeanlhklghfogkdhnegk","Pusheen Cursor - Custom Kawaii Cursor for Chrome","Active","https://chromewebstore.google.com/detail/pjfjconkopcckeanlhklghfogkdhnegk"
"plciffedekbipeophpkkjlilcdfnnkic","Happ Proxy","Active","https://chromewebstore.google.com/detail/plciffedekbipeophpkkjlilcdfnnkic"
"plfnggnldoeckfclfpflbpnebfbkipcb","Chrome Web Store","Active","https://chromewebstore.google.com/detail/plfnggnldoeckfclfpflbpnebfbkipcb"
"pmlcfgndjofkkpimdenhpkmdbmnbfend","Sonic the Hedgehog Cursor ★ Custom Cursor for Chrome™","Active","https://chromewebstore.google.com/detail/pmlcfgndjofkkpimdenhpkmdbmnbfend"
"pmmneeeipikleggeclkinacjcjnegfbm","Hype VPN","Active","https://chromewebstore.google.com/detail/pmmneeeipikleggeclkinacjcjnegfbm"
"pnhhdhhcadcjfckjhpmjneldiegbojfb","Twitch Enhanced Viewer | JeetBot","Active","https://chromewebstore.google.com/detail/pnhhdhhcadcjfckjhpmjneldiegbojfb"
